Date,Time,Ptch(rad),Roll(rad),Yaw(rad),RxBt(V),Curr(A),Capa(mAh),Bat_(%),1RSS(dB),2RSS(dB),RQly(%),RSNR(dB),ANT,RFMD,TPWR(mW),TRSS(dB),TQly(%),TSNR(dB),FM,GPS,GSpd(kmh),Hdg(@),Alt(m),Sats,Rud,Ele,Thr,Ail,S1,6P,S2,EX1,EX2,LS,RS,SA,SB,SC,SD,SE,SF,SG,SH,LSW,TxBat(V)
2021-08-14,18:40:25.910,0.00,0.00,0.00,0.0,0.0,0,0,0,0,0,0,0,0,0,0,0,0,0,,0.0,0.00,0,0,-3,-1,-1024,2,-22,-1024,1024,0,0,1020,1024,0,0,-1,-1,-1,-1,-1,-1,0x0000000000000000,7.8
2021-08-14,18:40:26.010,0.00,0.00,0.00,0.0,0.0,0,0,0,0,0,0,0,0,0,0,0,0,0,,0.0,0.00,0,0,-3,-1,-1024,2,-22,-1024,1024,0,0,1020,1024,0,0,-1,-1,-1,-1,-1,-1,0x0000000000000000,7.8
2021-08-14,18:40:26.110,0.00,0.00,0.00,0.0,0.0,0,0,0,0,0,0,0,0,0,0,0,0,0,,0.0,0.00,0,0,-3,0,-1024,2,-22,-1024,1024,0,0,1020,1024,0,0,-1,-1,-1,-1,-1,-1,0x0000000000000000,7.8
2021-08-14,18:40:26.210,0.00,0.00,0.00,0.0,0.0,0,0,0,0,0,0,0,0,0,0,0,0,0,,0.0,0.00,0,0,-3,0,-1024,2,-22,-1024,1024,0,0,1020,1024,0,0,-1,-1,-1,-1,-1,-1,0x0000000000000000,7.8
2021-08-14,18:40:26.310,0.00,0.00,0.00,0.0,0.0,0,0,0,0,0,0,0,0,0,0,0,0,0,,0.0,0.00,0,0,-3,0,-1024,2,-22,-1024,1024,0,0,1020,1024,0,0,-1,-1,-1,-1,-1,-1,0x0000000000000000,7.8
2021-08-14,18:40:26.410,0.00,0.00,0.00,0.0,0.0,0,0,0,0,0,0,0,0,0,0,0,0,0,,0.0,0.00,0,0,-3,0,-1024,2,-22,-1024,1024,0,0,1017,1024,0,0,-1,-1,-1,-1,-1,-1,0x0000000000000000,7.8
2021-08-14,18:40:26.710,0.00,0.00,0.00,0.0,0.0,0,0,0,0,0,0,0,0,0,0,0,0,0,,0.0,0.00,0,0,-3,0,-1024,2,-22,-1024,1024,0,0,1020,1024,0,0,-1,-1,-1,-1,-1,-1,0x0000000000000000,7.8
2021-08-14,18:40:27.110,0.00,0.00,0.00,0.0,0.0,0,0,0,0,0,0,0,0,0,0,0,0,0,,0.0,0.00,0,0,-3,0,-1024,2,-22,-1024,1024,0,0,1017,1024,0,0,-1,-1,-1,-1,-1,-1,0x0000000000000000,7.8
2021-08-14,18:40:27.810,0.00,0.00,0.00,0.0,0.0,0,0,0,0,0,0,0,0,0,0,0,0,0,,0.0,0.00,0,0,-3,0,-1024,4,-22,-1024,1024,0,0,1017,1024,0,0,-1,-1,-1,-1,-1,-1,0x0000000000000000,7.8
2021-08-14,18:40:28.910,0.00,0.00,0.00,0.0,0.0,0,0,0,0,0,0,0,0,0,0,0,0,0,,0.0,0.00,0,0,-3,0,-1024,2,-22,-1024,1024,0,0,1020,1024,0,0,-1,-1,-1,-1,-1,-1,0x0000000000000000,7.8
2021-08-14,18:40:30.510,0.00,0.00,0.00,0.0,0.0,0,0,0,0,0,0,0,0,0,0,0,0,0,,0.0,0.00,0,0,-3,0,-1024,2,-22,-1024,1024,0,0,1020,1019,0,0,-1,-1,-1,-1,-1,-1,0x0000000000000000,7.8
2021-08-14,18:40:31.810,0.00,0.00,0.00,0.0,0.0,0,0,0,0,0,0,0,0,0,0,0,0,0,,0.0,0.00,0,0,-3,0,-1024,2,-22,-1024,1024,0,0,1020,1024,0,0,-1,-1,-1,-1,-1,-1,0x0000000000000000,7.7
2021-08-14,18:40:32.810,0.00,0.00,0.00,0.0,0.0,0,0,0,0,0,0,0,0,0,0,0,0,0,,0.0,0.00,0,0,-3,0,-1024,2,-22,-1024,1024,0,0,1017,1024,0,0,-1,-1,-1,-1,-1,-1,0x0000000000000000,7.7
2021-08-14,18:40:33.810,0.00,0.00,0.00,0.0,0.0,0,0,0,0,0,0,0,0,0,0,0,0,0,,0.0,0.00,0,0,-3,0,-1024,2,-22,-1024,1024,0,0,1020,1024,0,0,-1,-1,-1,-1,-1,-1,0x0000000000000000,7.7
2021-08-14,18:40:34.810,0.00,0.00,0.00,0.0,0.0,0,0,0,0,0,0,0,0,0,0,0,0,0,,0.0,0.00,0,0,-3,0,-1024,2,-22,-1024,1024,0,0,1017,1024,0,0,-1,-1,-1,-1,-1,-1,0x0000000000000000,7.7
2021-08-14,18:40:35.810,0.00,0.00,0.00,0.0,0.0,0,0,0,0,0,0,0,0,0,0,0,0,0,,0.0,0.00,0,0,-3,0,-1024,2,-22,-1024,1024,0,0,1017,1024,0,0,-1,-1,-1,-1,-1,-1,0x0000000000000000,7.7
2021-08-14,18:40:36.810,0.00,0.00,0.00,0.0,0.0,0,0,0,0,0,0,0,0,0,0,0,0,0,,0.0,0.00,0,0,-3,0,-1024,2,-22,-1024,1024,0,0,1017,1024,0,0,-1,-1,-1,-1,-1,-1,0x0000000000000000,7.7
2021-08-14,18:40:37.810,0.00,0.00,0.00,0.0,0.0,0,0,0,0,0,0,0,0,0,0,0,0,0,,0.0,0.00,0,0,-3,0,-1024,2,-22,-1024,1024,0,0,1017,1024,0,0,-1,-1,-1,-1,-1,-1,0x0000000000000000,7.7
2021-08-14,18:40:38.810,0.00,0.00,0.00,0.0,0.0,0,0,0,0,0,0,0,0,0,0,0,0,0,,0.0,0.00,0,0,-3,-1,-1024,2,-22,-1024,1024,0,0,1020,1024,0,0,-1,-1,-1,-1,-1,-1,0x0000000000000000,7.7
2021-08-14,18:40:39.810,0.00,0.00,0.00,0.0,0.0,0,0,0,0,0,0,0,0,0,0,0,0,0,,0.0,0.00,0,0,-3,0,-1024,2,-22,-1024,1024,0,0,1020,1024,0,0,-1,-1,-1,-1,-1,-1,0x0000000000000000,7.7
2021-08-14,18:40:40.810,0.00,0.00,0.00,0.0,0.0,0,0,0,0,0,0,0,0,0,0,0,0,0,,0.0,0.00,0,0,-3,0,-1024,2,-22,-1024,1024,0,0,1017,1019,0,0,-1,-1,-1,-1,-1,-1,0x0000000000000000,7.7
2021-08-14,18:40:41.810,0.00,0.00,0.00,0.0,0.0,0,0,0,0,0,0,0,0,0,0,0,0,0,,0.0,0.00,0,0,-3,-1,-1024,2,-22,-1024,1024,0,0,1017,1024,0,0,-1,-1,-1,-1,-1,-1,0x0000000000000000,7.7
2021-08-14,18:40:42.810,0.00,0.00,0.00,0.0,0.0,0,0,0,0,0,0,0,0,0,0,0,0,0,,0.0,0.00,0,0,-3,0,-1024,2,-22,-1024,1024,0,0,1020,1024,0,0,-1,-1,-1,-1,-1,-1,0x0000000000000000,7.7
2021-08-14,18:40:43.810,0.00,0.00,0.00,0.0,0.0,0,0,0,0,0,0,0,0,0,0,0,0,0,,0.0,0.00,0,0,-3,0,-1024,2,-22,-1024,1024,0,0,1017,1024,0,0,-1,-1,-1,-1,-1,-1,0x0000000000000000,7.7
2021-08-14,18:40:44.810,0.00,0.00,0.00,0.0,0.0,0,0,0,0,0,0,0,0,0,0,0,0,0,,0.0,0.00,0,0,-3,0,-1024,2,-22,-1024,1024,0,0,1020,1024,0,0,-1,-1,-1,-1,-1,-1,0x0000000000000000,7.7
2021-08-14,18:40:45.810,0.00,0.00,0.00,0.0,0.0,0,0,0,0,0,0,0,0,0,0,0,0,0,,0.0,0.00,0,0,-5,-1,-1024,2,-22,-1024,1024,0,0,1017,1024,0,0,-1,-1,-1,-1,-1,-1,0x0000000000000000,7.7
2021-08-14,18:40:46.810,0.00,0.00,0.00,0.0,0.0,0,0,0,0,0,0,0,0,0,0,0,0,0,,0.0,0.00,0,0,-3,-1,-1024,2,-22,-1024,1024,0,0,1020,1024,0,0,-1,-1,-1,-1,-1,-1,0x0000000000000000,7.7
2021-08-14,18:40:47.850,0.00,0.00,0.00,0.0,0.0,0,0,0,0,0,0,0,0,0,0,0,0,0,,0.0,0.00,0,0,-3,-1,-1024,2,-22,-1024,1024,0,0,1020,1024,0,0,-1,-1,-1,-1,-1,-1,0x0000000000000000,7.7
2021-08-14,18:40:48.850,0.00,0.00,0.00,0.0,0.0,0,0,0,0,0,0,0,0,0,0,0,0,0,,0.0,0.00,0,0,-3,-1,-1024,2,-22,-1024,1024,0,0,1020,1019,0,0,-1,-1,-1,-1,-1,-1,0x0000000000000000,7.7
2021-08-14,18:40:49.850,0.00,0.00,0.00,0.0,0.0,0,0,0,0,0,0,0,0,0,0,0,0,0,,0.0,0.00,0,0,-3,0,-1024,2,-22,-1024,1024,0,0,1020,1024,0,0,-1,-1,-1,-1,-1,-1,0x0000000000000000,7.7
2021-08-14,18:40:50.850,0.00,0.00,0.00,0.0,0.0,0,0,0,0,0,0,0,0,0,0,0,0,0,,0.0,0.00,0,0,-5,0,-1024,2,-22,-1024,1024,0,0,1020,1024,0,0,-1,-1,-1,-1,-1,-1,0x0000000000000000,7.7
2021-08-14,18:40:51.850,0.00,0.00,0.00,0.0,0.0,0,0,0,0,0,0,0,0,0,0,0,0,0,,0.0,0.00,0,0,-3,-1,-1024,2,-22,-1024,1024,0,0,1020,1024,0,0,-1,-1,-1,-1,-1,-1,0x0000000000000000,7.7
2021-08-14,18:40:52.850,0.00,0.00,0.00,0.0,0.0,0,0,0,0,0,0,0,0,0,0,0,0,0,,0.0,0.00,0,0,-3,-1,-1024,2,-22,-1024,1024,0,0,1020,1019,0,0,-1,-1,-1,-1,-1,-1,0x0000000000000000,7.7
2021-08-14,18:40:53.850,0.00,0.00,0.00,0.0,0.0,0,0,0,0,0,0,0,0,0,0,0,0,0,,0.0,0.00,0,0,-3,-1,-1024,2,-22,-1024,1024,0,0,1020,1024,0,0,-1,-1,-1,-1,-1,-1,0x0000000000000000,7.7
2021-08-14,18:40:54.850,0.00,0.00,0.00,0.0,0.0,0,0,0,0,0,0,0,0,0,0,0,0,0,,0.0,0.00,0,0,-5,-1,-1024,4,-22,-1024,1024,0,0,1020,1024,0,0,-1,-1,-1,-1,-1,-1,0x0000000000000000,7.7
2021-08-14,18:40:55.850,0.00,0.00,0.00,0.0,0.0,0,0,0,0,0,0,0,0,0,0,0,0,0,,0.0,0.00,0,0,-3,-1,-1024,2,-22,-1024,1024,0,0,1020,1024,0,0,-1,-1,-1,-1,-1,-1,0x0000000000000000,7.7
2021-08-14,18:40:56.850,0.00,0.00,0.00,0.0,0.0,0,0,0,0,0,0,0,0,0,0,0,0,0,,0.0,0.00,0,0,-3,0,-1024,2,-22,-1024,1024,0,0,1020,1024,0,0,-1,-1,-1,-1,-1,-1,0x0000000000000000,7.7
2021-08-14,18:40:57.850,0.00,0.00,0.00,0.0,0.0,0,0,0,0,0,0,0,0,0,0,0,0,0,,0.0,0.00,0,0,-3,-1,-1024,2,-22,-1024,1024,0,0,1017,1024,0,0,-1,-1,-1,-1,-1,-1,0x0000000000000000,7.7
2021-08-14,18:40:58.850,0.00,0.00,0.00,0.0,0.0,0,0,0,0,0,0,0,0,0,0,0,0,0,,0.0,0.00,0,0,-3,-1,-1024,4,-22,-1024,1024,0,0,1020,1024,0,0,-1,-1,-1,-1,-1,-1,0x0000000000000000,7.7
2021-08-14,18:40:59.850,0.00,0.00,0.00,0.0,0.0,0,0,0,0,0,0,0,0,0,0,0,0,0,,0.0,0.00,0,0,-3,-1,-1024,2,-22,-1024,1024,0,0,1020,1024,0,0,-1,-1,-1,-1,-1,-1,0x0000000000000000,7.7
2021-08-14,18:41:00.850,0.00,0.00,0.00,0.0,0.0,0,0,0,0,0,0,0,0,0,0,0,0,0,,0.0,0.00,0,0,-3,-1,-1024,2,-22,-1024,1024,0,0,1020,1019,0,0,-1,-1,-1,-1,-1,-1,0x0000000000000000,7.7
2021-08-14,18:41:01.850,0.00,0.00,0.00,0.0,0.0,0,0,0,0,0,0,0,0,0,0,0,0,0,,0.0,0.00,0,0,-3,0,-1024,2,-22,-1024,1024,0,0,1017,1024,0,0,-1,-1,-1,-1,-1,-1,0x0000000000000000,7.7
2021-08-14,18:41:02.850,0.00,0.00,0.00,0.0,0.0,0,0,0,0,0,0,0,0,0,0,0,0,0,,0.0,0.00,0,0,-3,-1,-1024,4,-22,-1024,1024,0,0,1020,1024,0,0,-1,-1,-1,-1,-1,-1,0x0000000000000000,7.7
2021-08-14,18:41:03.850,0.00,0.00,0.00,0.0,0.0,0,0,0,0,0,0,0,0,0,0,0,0,0,,0.0,0.00,0,0,-3,0,-1024,2,-22,-1024,1024,0,0,1020,1019,0,0,-1,-1,-1,-1,-1,-1,0x0000000000000000,7.7
2021-08-14,18:41:04.850,0.00,0.00,0.00,0.0,0.0,0,0,0,0,0,0,0,0,0,0,0,0,0,,0.0,0.00,0,0,-3,0,-1024,2,-22,-1024,1024,0,0,1020,1024,0,0,-1,-1,-1,-1,-1,-1,0x0000000000000000,7.7
2021-08-14,18:41:05.850,0.00,0.00,0.00,0.0,0.0,0,0,0,0,0,0,0,0,0,0,0,0,0,,0.0,0.00,0,0,-3,0,-1024,2,-22,-1024,1024,0,0,1017,1024,0,0,-1,-1,-1,-1,-1,-1,0x0000000000000000,7.7
2021-08-14,18:41:06.850,0.00,0.00,0.00,0.0,0.0,0,0,0,0,0,0,0,0,0,0,0,0,0,,0.0,0.00,0,0,-3,-1,-1024,2,-22,-1024,1024,0,0,1020,1024,0,0,-1,-1,-1,-1,-1,-1,0x0000000000000000,7.7
2021-08-14,18:41:07.850,0.00,0.00,0.00,0.0,0.0,0,0,0,0,0,0,0,0,0,0,0,0,0,,0.0,0.00,0,0,-3,-1,-1024,4,-22,-1024,1024,0,0,1020,1024,0,0,-1,-1,-1,-1,-1,-1,0x0000000000000000,7.7
2021-08-14,18:41:08.860,0.00,0.00,0.00,0.0,0.0,0,0,0,0,0,0,0,0,0,0,0,0,0,,0.0,0.00,0,0,-5,-1,-1024,2,-22,-1024,1024,0,0,1017,1024,0,0,-1,-1,-1,-1,-1,-1,0x0000000000000000,7.7
2021-08-14,18:41:09.860,0.00,0.00,0.00,0.0,0.0,0,0,0,0,0,0,0,0,0,0,0,0,0,,0.0,0.00,0,0,-3,0,-1024,2,-22,-1024,1024,0,0,1020,1024,0,0,-1,-1,-1,-1,-1,-1,0x0000000000000000,7.7
2021-08-14,18:41:10.860,0.00,0.00,0.00,0.0,0.0,0,0,0,0,0,0,0,0,0,0,0,0,0,,0.0,0.00,0,0,-3,0,-1024,2,-22,-1024,1024,0,0,1020,1024,0,0,-1,-1,-1,-1,-1,-1,0x0000000000000000,7.7
2021-08-14,18:41:11.860,0.00,0.00,0.00,0.0,0.0,0,0,0,0,0,0,0,0,0,0,0,0,0,,0.0,0.00,0,0,-5,-1,-1024,2,-22,-1024,1024,0,0,1017,1024,0,0,-1,-1,-1,-1,-1,-1,0x0000000000000000,7.7
2021-08-14,18:41:12.860,0.00,0.00,0.00,0.0,0.0,0,0,0,0,0,0,0,0,0,0,0,0,0,,0.0,0.00,0,0,-3,0,-1024,2,-22,-1024,1024,0,0,1020,1019,0,0,-1,-1,-1,-1,-1,-1,0x0000000000000000,7.7
2021-08-14,18:41:13.860,0.00,0.00,0.00,0.0,0.0,0,0,0,0,0,0,0,0,0,0,0,0,0,,0.0,0.00,0,0,-3,0,-1024,4,-22,-1024,1024,0,0,1020,1019,0,0,-1,-1,-1,-1,-1,-1,0x0000000000000000,7.7
2021-08-14,18:41:14.860,0.00,0.00,0.00,0.0,0.0,0,0,0,0,0,0,0,0,0,0,0,0,0,,0.0,0.00,0,0,-3,0,-1024,2,-22,-1024,1024,0,0,1020,1024,0,0,-1,-1,-1,-1,-1,-1,0x0000000000000000,7.7
2021-08-14,18:41:15.860,0.00,0.00,0.00,0.0,0.0,0,0,0,0,0,0,0,0,0,0,0,0,0,,0.0,0.00,0,0,-5,-1,-1024,2,-22,-1024,1024,0,0,1017,1024,0,0,-1,-1,-1,-1,-1,-1,0x0000000000000000,7.7
2021-08-14,18:41:16.860,0.00,0.00,0.00,0.0,0.0,0,0,0,0,0,0,0,0,0,0,0,0,0,,0.0,0.00,0,0,-3,0,-1024,2,-22,-1024,1024,0,0,1020,1024,0,0,-1,-1,-1,-1,-1,-1,0x0000000000000000,7.7
2021-08-14,18:41:17.860,0.00,0.00,0.00,0.0,0.0,0,0,0,0,0,0,0,0,0,0,0,0,0,,0.0,0.00,0,0,-3,-1,-1024,4,-22,-1024,1024,0,0,1020,1024,0,0,-1,-1,-1,-1,-1,-1,0x0000000000000000,7.7
2021-08-14,18:41:18.860,0.00,0.00,0.00,0.0,0.0,0,0,0,0,0,0,0,0,0,0,0,0,0,,0.0,0.00,0,0,-3,0,-1024,2,-22,-1024,1024,0,0,1017,1024,0,0,-1,-1,-1,-1,-1,-1,0x0000000000000000,7.7
2021-08-14,18:41:19.860,0.00,0.00,0.00,0.0,0.0,0,0,0,0,0,0,0,0,0,0,0,0,0,,0.0,0.00,0,0,-3,-1,-1024,4,-22,-1024,1024,0,0,1020,1024,0,0,-1,-1,-1,-1,-1,-1,0x0000000000000000,7.7
2021-08-14,18:41:20.860,0.00,0.00,0.00,0.0,0.0,0,0,0,0,0,0,0,0,0,0,0,0,0,,0.0,0.00,0,0,-3,0,-1024,2,-22,-1024,1024,0,0,1020,1024,0,0,-1,-1,-1,-1,-1,-1,0x0000000000000000,7.7
2021-08-14,18:41:21.900,0.00,0.00,0.00,0.0,0.0,0,0,0,0,0,0,0,0,0,0,0,0,0,,0.0,0.00,0,0,-5,-1,-1024,2,-22,-1024,1024,0,0,1020,1024,0,0,-1,-1,-1,-1,-1,-1,0x0000000000000000,7.7
2021-08-14,18:41:22.900,0.00,0.00,0.00,0.0,0.0,0,0,0,0,0,0,0,0,0,0,0,0,0,,0.0,0.00,0,0,-3,0,-1024,2,-22,-1024,1024,0,0,1020,1019,0,0,-1,-1,-1,-1,-1,-1,0x0000000000000000,7.7
2021-08-14,18:41:23.900,0.00,0.00,0.00,0.0,0.0,0,0,0,0,0,0,0,0,0,0,0,0,0,,0.0,0.00,0,0,-3,-1,-1024,2,-22,-1024,1024,0,0,1017,1024,0,0,-1,-1,-1,-1,-1,-1,0x0000000000000000,7.7
2021-08-14,18:41:24.900,0.00,0.00,0.00,0.0,0.0,0,0,0,0,0,0,0,0,0,0,0,0,0,,0.0,0.00,0,0,-3,-1,-1024,2,-22,-1024,1024,0,0,1017,1024,0,0,-1,-1,-1,-1,-1,-1,0x0000000000000000,7.7
2021-08-14,18:41:25.900,0.00,0.00,0.00,0.0,0.0,0,0,0,0,0,0,0,0,0,0,0,0,0,,0.0,0.00,0,0,-3,-1,-1024,2,-22,-1024,1024,0,0,1020,1024,0,0,-1,-1,-1,-1,-1,-1,0x0000000000000000,7.7
2021-08-14,18:41:26.900,0.00,0.00,0.00,0.0,0.0,0,0,0,0,0,0,0,0,0,0,0,0,0,,0.0,0.00,0,0,-3,0,-1024,2,-22,-1024,1024,0,0,1020,1019,0,0,-1,-1,-1,-1,-1,-1,0x0000000000000000,7.7
2021-08-14,18:41:27.900,0.00,0.00,0.00,0.0,0.0,0,0,0,0,0,0,0,0,0,0,0,0,0,,0.0,0.00,0,0,-3,-1,-1024,2,-22,-1024,1024,0,0,1020,1024,0,0,-1,-1,-1,-1,-1,-1,0x0000000000000000,7.7
2021-08-14,18:41:28.900,0.00,0.00,0.00,0.0,0.0,0,0,0,0,0,0,0,0,0,0,0,0,0,,0.0,0.00,0,0,-3,0,-1024,2,-22,-1024,1024,0,0,1020,1024,0,0,-1,-1,-1,-1,-1,-1,0x0000000000000000,7.7
2021-08-14,18:41:29.900,0.00,0.00,0.00,0.0,0.0,0,0,0,0,0,0,0,0,0,0,0,0,0,,0.0,0.00,0,0,-3,0,-1024,2,-22,-1024,1024,0,0,1020,1019,0,0,-1,-1,-1,-1,-1,-1,0x0000000000000000,7.7
2021-08-14,18:41:30.900,0.00,0.00,0.00,0.0,0.0,0,0,0,0,0,0,0,0,0,0,0,0,0,,0.0,0.00,0,0,-5,-1,-1024,2,-22,-1024,1024,0,0,1020,1024,0,0,-1,-1,-1,-1,-1,-1,0x0000000000000000,7.7
2021-08-14,18:41:31.900,0.00,0.00,0.00,0.0,0.0,0,0,0,0,0,0,0,0,0,0,0,0,0,,0.0,0.00,0,0,-5,-1,-1024,4,-22,-1024,1024,0,0,1020,1024,0,0,-1,-1,-1,-1,-1,-1,0x0000000000000000,7.7
2021-08-14,18:41:32.900,0.00,0.00,0.00,0.0,0.0,0,0,0,0,0,0,0,0,0,0,0,0,0,,0.0,0.00,0,0,-5,0,-1024,4,-22,-1024,1024,0,0,1020,1024,0,0,-1,-1,-1,-1,-1,-1,0x0000000000000000,7.7
2021-08-14,18:41:33.940,0.00,0.00,0.00,0.0,0.0,0,0,0,0,0,0,0,0,0,0,0,0,0,,0.0,0.00,0,0,-3,-1,-1024,2,-22,-1024,1024,0,0,1020,1024,0,0,-1,-1,-1,-1,-1,-1,0x0000000000000000,7.7
2021-08-14,18:41:34.940,0.00,0.00,0.00,0.0,0.0,0,0,0,0,0,0,0,0,0,0,0,0,0,,0.0,0.00,0,0,-3,-1,-1024,4,-22,-1024,1024,0,0,1017,1024,0,0,-1,-1,-1,-1,-1,-1,0x0000000000000000,7.7
2021-08-14,18:41:35.940,0.00,0.00,0.00,0.0,0.0,0,0,0,0,0,0,0,0,0,0,0,0,0,,0.0,0.00,0,0,-3,0,-1024,2,-22,-1024,1024,0,0,1020,1024,0,0,-1,-1,-1,-1,-1,-1,0x0000000000000000,7.7
2021-08-14,18:41:36.940,0.00,0.00,0.00,0.0,0.0,0,0,0,0,0,0,0,0,0,0,0,0,0,,0.0,0.00,0,0,-3,-1,-1024,2,-22,-1024,1024,0,0,1017,1024,0,0,-1,-1,-1,-1,-1,-1,0x0000000000000000,7.7
2021-08-14,18:41:37.940,0.00,0.00,0.00,0.0,0.0,0,0,0,0,0,0,0,0,0,0,0,0,0,,0.0,0.00,0,0,-3,-1,-1024,2,-22,-1024,1024,0,0,1020,1024,0,0,-1,-1,-1,-1,-1,-1,0x0000000000000000,7.7
2021-08-14,18:41:38.940,0.00,0.00,0.00,0.0,0.0,0,0,0,0,0,0,0,0,0,0,0,0,0,,0.0,0.00,0,0,-5,-1,-1024,2,-22,-1024,1024,0,0,1017,1024,0,0,-1,-1,-1,-1,-1,-1,0x0000000000000000,7.7
2021-08-14,18:41:39.940,0.00,0.00,0.00,0.0,0.0,0,0,0,0,0,0,0,0,0,0,0,0,0,,0.0,0.00,0,0,-5,-1,-1024,2,-22,-1024,1024,0,0,1017,1024,0,0,-1,-1,-1,-1,-1,-1,0x0000000000000000,7.7
2021-08-14,18:41:40.940,0.00,0.00,0.00,0.0,0.0,0,0,0,0,0,0,0,0,0,0,0,0,0,,0.0,0.00,0,0,-5,-1,-1024,4,-22,-1024,1024,0,0,1020,1024,0,0,-1,-1,-1,-1,-1,-1,0x0000000000000000,7.7
2021-08-14,18:41:41.940,0.00,0.00,0.00,0.0,0.0,0,0,0,0,0,0,0,0,0,0,0,0,0,,0.0,0.00,0,0,-5,-1,-1024,2,-22,-1024,1024,0,0,1017,1024,0,0,-1,-1,-1,-1,-1,-1,0x0000000000000000,7.7
2021-08-14,18:41:42.940,0.00,0.00,0.00,0.0,0.0,0,0,0,0,0,0,0,0,0,0,0,0,0,,0.0,0.00,0,0,-3,-1,-1024,2,-22,-1024,1024,0,0,1017,1024,0,0,-1,-1,-1,-1,-1,-1,0x0000000000000000,7.7
2021-08-14,18:41:43.940,0.00,0.00,0.00,0.0,0.0,0,0,0,0,0,0,0,0,0,0,0,0,0,,0.0,0.00,0,0,-5,-1,-1024,2,-22,-1024,1024,0,0,1020,1024,0,0,-1,-1,-1,-1,-1,-1,0x0000000000000000,7.7
2021-08-14,18:41:44.940,0.00,0.00,0.00,0.0,0.0,0,0,0,0,0,0,0,0,0,0,0,0,0,,0.0,0.00,0,0,-5,0,-1024,2,-22,-1024,1024,0,0,1020,1024,0,0,-1,-1,-1,-1,-1,-1,0x0000000000000000,7.7
2021-08-14,18:41:45.940,0.00,0.00,0.00,0.0,0.0,0,0,0,0,0,0,0,0,0,0,0,0,0,,0.0,0.00,0,0,-5,-1,-1024,4,-22,-1024,1024,0,0,1017,1024,0,0,-1,-1,-1,-1,-1,-1,0x0000000000000000,7.7
2021-08-14,18:41:46.940,0.00,0.00,0.00,0.0,0.0,0,0,0,0,0,0,0,0,0,0,0,0,0,,0.0,0.00,0,0,-3,0,-1024,2,-22,-1024,1024,0,0,1017,1024,0,0,-1,-1,-1,-1,-1,-1,0x0000000000000000,7.7
2021-08-14,18:41:47.940,0.00,0.00,0.00,0.0,0.0,0,0,0,0,0,0,0,0,0,0,0,0,0,,0.0,0.00,0,0,-5,-1,-1024,2,-22,-1024,1024,0,0,1020,1024,0,0,-1,-1,-1,-1,-1,-1,0x0000000000000000,7.7
2021-08-14,18:41:48.940,0.00,0.00,0.00,0.0,0.0,0,0,0,0,0,0,0,0,0,0,0,0,0,,0.0,0.00,0,0,-3,-1,-1024,2,-22,-1024,1024,0,0,1017,1024,0,0,-1,-1,-1,-1,-1,-1,0x0000000000000000,7.7
2021-08-14,18:41:49.940,0.00,0.00,0.00,0.0,0.0,0,0,0,0,0,0,0,0,0,0,0,0,0,,0.0,0.00,0,0,-3,-1,-1024,2,-22,-1024,1024,0,0,1020,1024,0,0,-1,-1,-1,-1,-1,-1,0x0000000000000000,7.7
2021-08-14,18:41:50.940,0.00,0.00,0.00,0.0,0.0,0,0,0,0,0,0,0,0,0,0,0,0,0,,0.0,0.00,0,0,-3,-1,-1024,2,-22,-1024,1024,0,0,1020,1024,0,0,-1,-1,-1,-1,-1,-1,0x0000000000000000,7.7
2021-08-14,18:41:51.940,0.00,0.00,0.00,0.0,0.0,0,0,0,0,0,0,0,0,0,0,0,0,0,,0.0,0.00,0,0,-3,-1,-1024,2,-22,-1024,1024,0,0,1020,1024,0,0,-1,-1,-1,-1,-1,-1,0x0000000000000000,7.7
2021-08-14,18:41:52.940,0.00,0.00,0.00,0.0,0.0,0,0,0,0,0,0,0,0,0,0,0,0,0,,0.0,0.00,0,0,-3,-1,-1024,4,-22,-1024,1024,0,0,1020,1024,0,0,-1,-1,-1,-1,-1,-1,0x0000000000000000,7.7
2021-08-14,18:41:53.940,0.00,0.00,0.00,0.0,0.0,0,0,0,0,0,0,0,0,0,0,0,0,0,,0.0,0.00,0,0,-3,-1,-1024,2,-22,-1024,1024,0,0,1020,1024,0,0,-1,-1,-1,-1,-1,-1,0x0000000000000000,7.7
2021-08-14,18:41:54.940,0.00,0.00,0.00,0.0,0.0,0,0,0,0,0,0,0,0,0,0,0,0,0,,0.0,0.00,0,0,-3,-1,-1024,2,-22,-1024,1024,0,0,1020,1024,0,0,-1,-1,-1,-1,-1,-1,0x0000000000000000,7.7
2021-08-14,18:41:55.940,0.00,0.00,0.00,0.0,0.0,0,0,0,0,0,0,0,0,0,0,0,0,0,,0.0,0.00,0,0,-5,-1,-1024,2,-22,-1024,1024,0,0,1020,1024,0,0,-1,-1,-1,-1,-1,-1,0x0000000000000000,7.7
2021-08-14,18:41:56.940,0.00,0.00,0.00,0.0,0.0,0,0,0,0,0,0,0,0,0,0,0,0,0,,0.0,0.00,0,0,-3,-1,-1024,2,-22,-1024,1024,0,0,1020,1024,0,0,-1,-1,-1,-1,-1,-1,0x0000000000000000,7.7
2021-08-14,18:41:57.940,0.00,0.00,0.00,0.0,0.0,0,0,0,0,0,0,0,0,0,0,0,0,0,,0.0,0.00,0,0,-3,-1,-1024,2,-22,-1024,1024,0,0,1017,1024,0,0,-1,-1,-1,-1,-1,-1,0x0000000000000000,7.7
2021-08-14,18:41:58.940,0.00,0.00,0.00,0.0,0.0,0,0,0,0,0,0,0,0,0,0,0,0,0,,0.0,0.00,0,0,-3,-1,-1024,4,-22,-1024,1024,0,0,1020,1024,0,0,-1,-1,-1,-1,-1,-1,0x0000000000000000,7.7
2021-08-14,18:41:59.940,0.00,0.00,0.00,0.0,0.0,0,0,0,0,0,0,0,0,0,0,0,0,0,,0.0,0.00,0,0,-5,-1,-1024,2,-22,-1024,1024,0,0,1020,1024,0,0,-1,-1,-1,-1,-1,-1,0x0000000000000000,7.7
2021-08-14,18:42:00.940,0.00,0.00,0.00,0.0,0.0,0,0,0,0,0,0,0,0,0,0,0,0,0,,0.0,0.00,0,0,-3,-1,-1024,2,-22,-1024,1024,0,0,1020,1024,0,0,-1,-1,-1,-1,-1,-1,0x0000000000000000,7.7
2021-08-14,18:42:01.940,0.00,0.00,0.00,0.0,0.0,0,0,0,0,0,0,0,0,0,0,0,0,0,,0.0,0.00,0,0,-5,-1,-1024,2,-22,-1024,1024,0,0,1020,1024,0,0,-1,-1,-1,-1,-1,-1,0x0000000000000000,7.7
2021-08-14,18:42:02.940,0.00,0.00,0.00,0.0,0.0,0,0,0,0,0,0,0,0,0,0,0,0,0,,0.0,0.00,0,0,-3,-1,-1024,2,-22,-1024,1024,0,0,1020,1024,0,0,-1,-1,-1,-1,-1,-1,0x0000000000000000,7.7
2021-08-14,18:42:03.940,0.00,0.00,0.00,0.0,0.0,0,0,0,0,0,0,0,0,0,0,0,0,0,,0.0,0.00,0,0,-5,-1,-1024,2,-22,-1024,1024,0,0,1020,1024,0,0,-1,-1,-1,-1,-1,-1,0x0000000000000000,7.7
2021-08-14,18:42:04.940,0.00,0.00,0.00,0.0,0.0,0,0,0,0,0,0,0,0,0,0,0,0,0,,0.0,0.00,0,0,-5,-1,-1024,2,-22,-1024,1024,0,0,1020,1024,0,0,-1,-1,-1,-1,-1,-1,0x0000000000000000,7.7
2021-08-14,18:42:05.940,0.00,0.00,0.00,0.0,0.0,0,0,0,0,0,0,0,0,0,0,0,0,0,,0.0,0.00,0,0,-3,-1,-1024,2,-22,-1024,1024,0,0,1020,1024,0,0,-1,-1,-1,-1,-1,-1,0x0000000000000000,7.7
2021-08-14,18:42:06.940,0.00,0.00,0.00,0.0,0.0,0,0,0,0,0,0,0,0,0,0,0,0,0,,0.0,0.00,0,0,-3,-1,-1024,4,-22,-1024,1024,0,0,1020,1024,0,0,-1,-1,-1,-1,-1,-1,0x0000000000000000,7.7
2021-08-14,18:42:07.940,0.00,0.00,0.00,0.0,0.0,0,0,0,0,0,0,0,0,0,0,0,0,0,,0.0,0.00,0,0,-3,-1,-1024,2,-22,-1024,1024,0,0,1020,1024,0,0,-1,-1,-1,-1,-1,-1,0x0000000000000000,7.8
2021-08-14,18:42:08.940,0.00,0.00,0.00,0.0,0.0,0,0,0,0,0,0,0,0,0,0,0,0,0,,0.0,0.00,0,0,-3,-1,-1024,2,-22,-1024,1024,0,0,1020,1024,0,0,-1,-1,-1,-1,-1,-1,0x0000000000000000,7.8
2021-08-14,18:42:09.940,0.00,0.00,0.00,0.0,0.0,0,0,0,0,0,0,0,0,0,0,0,0,0,,0.0,0.00,0,0,-3,-1,-1024,2,-22,-1024,1024,0,0,1020,1024,0,0,-1,-1,-1,-1,-1,-1,0x0000000000000000,7.8
2021-08-14,18:42:10.940,0.00,0.00,0.00,0.0,0.0,0,0,0,0,0,0,0,0,0,0,0,0,0,,0.0,0.00,0,0,-3,-1,-1024,4,-22,-1024,1024,0,0,1020,1024,0,0,-1,-1,-1,-1,-1,-1,0x0000000000000000,7.8
2021-08-14,18:42:11.940,0.00,0.00,0.00,0.0,0.0,0,0,0,0,0,0,0,0,0,0,0,0,0,,0.0,0.00,0,0,-5,-1,-1024,2,-22,-1024,1024,0,0,1020,1024,0,0,-1,-1,-1,-1,-1,-1,0x0000000000000000,7.8
2021-08-14,18:42:12.940,0.00,0.00,0.00,0.0,0.0,0,0,0,0,0,0,0,0,0,0,0,0,0,,0.0,0.00,0,0,-5,-1,-1024,2,-22,-1024,1024,0,0,1020,1024,0,0,-1,-1,-1,-1,-1,-1,0x0000000000000000,7.8
2021-08-14,18:42:13.940,0.00,0.00,0.00,0.0,0.0,0,0,0,0,0,0,0,0,0,0,0,0,0,,0.0,0.00,0,0,-5,-1,-1024,2,-22,-1024,1024,0,0,1020,1024,0,0,-1,-1,-1,-1,-1,-1,0x0000000000000000,7.8
2021-08-14,18:42:14.940,0.00,0.00,0.00,0.0,0.0,0,0,0,0,0,0,0,0,0,0,0,0,0,,0.0,0.00,0,0,-3,-1,-1024,2,-22,-1024,1024,0,0,1020,1024,0,0,-1,-1,-1,-1,-1,-1,0x0000000000000000,7.8
2021-08-14,18:42:15.940,0.00,0.00,0.00,0.0,0.0,0,0,0,0,0,0,0,0,0,0,0,0,0,,0.0,0.00,0,0,-3,-1,-1024,4,-22,-1024,1024,0,0,1020,1024,0,0,-1,-1,-1,-1,-1,-1,0x0000000000000000,7.8
2021-08-14,18:42:16.940,0.00,0.00,0.00,0.0,0.0,0,0,0,0,0,0,0,0,0,0,0,0,0,,0.0,0.00,0,0,-5,-1,-1024,2,-22,-1024,1024,0,0,1020,1024,0,0,-1,-1,-1,-1,-1,-1,0x0000000000000000,7.8
2021-08-14,18:42:17.940,0.00,0.00,0.00,0.0,0.0,0,0,0,0,0,0,0,0,0,0,0,0,0,,0.0,0.00,0,0,-3,-1,-1024,2,-22,-1024,1024,0,0,1020,1024,0,0,-1,-1,-1,-1,-1,-1,0x0000000000000000,7.8
2021-08-14,18:42:18.940,0.00,0.00,0.00,0.0,0.0,0,0,0,0,0,0,0,0,0,0,0,0,0,,0.0,0.00,0,0,-5,-1,-1024,2,-22,-1024,1024,0,0,1020,1024,0,0,-1,-1,-1,-1,-1,-1,0x0000000000000000,7.8
2021-08-14,18:42:19.940,0.00,0.00,0.00,0.0,0.0,0,0,0,0,0,0,0,0,0,0,0,0,0,,0.0,0.00,0,0,-3,-1,-1024,2,-22,-1024,1024,0,0,1020,1024,0,0,-1,-1,-1,-1,-1,-1,0x0000000000000000,7.8
2021-08-14,18:42:20.940,0.00,0.00,0.00,0.0,0.0,0,0,0,0,0,0,0,0,0,0,0,0,0,,0.0,0.00,0,0,-3,-1,-1024,2,-22,-1024,1024,0,0,1020,1024,0,0,-1,-1,-1,-1,-1,-1,0x0000000000000000,7.8
2021-08-14,18:42:21.940,0.00,0.00,0.00,0.0,0.0,0,0,0,0,0,0,0,0,0,0,0,0,0,,0.0,0.00,0,0,-3,-1,-1024,2,-22,-1024,1024,0,0,1020,1024,0,0,-1,-1,-1,-1,-1,-1,0x0000000000000000,7.8
2021-08-14,18:42:22.940,0.00,0.00,0.00,0.0,0.0,0,0,0,0,0,0,0,0,0,0,0,0,0,,0.0,0.00,0,0,-3,-1,-1024,2,-22,-1024,1024,0,0,1020,1024,0,0,-1,-1,-1,-1,-1,-1,0x0000000000000000,7.8
2021-08-14,18:42:23.940,0.00,0.00,0.00,0.0,0.0,0,0,0,0,0,0,0,0,0,0,0,0,0,,0.0,0.00,0,0,-3,-1,-1024,2,-22,-1024,1024,0,0,1020,1024,0,0,-1,-1,-1,-1,-1,-1,0x0000000000000000,7.8
2021-08-14,18:42:24.940,0.00,0.00,0.00,0.0,0.0,0,0,0,0,0,0,0,0,0,0,0,0,0,,0.0,0.00,0,0,-5,-1,-1024,2,-22,-1024,1024,0,0,1020,1024,0,0,-1,-1,-1,-1,-1,-1,0x0000000000000000,7.8
2021-08-14,18:42:25.940,0.00,0.00,0.00,0.0,0.0,0,0,0,0,0,0,0,0,0,0,0,0,0,,0.0,0.00,0,0,-5,-1,-1024,2,-22,-1024,1024,0,0,1020,1024,0,0,-1,-1,-1,-1,-1,-1,0x0000000000000000,7.8
2021-08-14,18:42:26.940,0.00,0.00,0.00,0.0,0.0,0,0,0,0,0,0,0,0,0,0,0,0,0,,0.0,0.00,0,0,-5,-1,-1024,2,-22,-1024,1024,0,0,1020,1024,0,0,-1,-1,-1,-1,-1,-1,0x0000000000000000,7.8
2021-08-14,18:42:27.940,0.00,0.00,0.00,0.0,0.0,0,0,0,0,0,0,0,0,0,0,0,0,0,,0.0,0.00,0,0,-5,-1,-1024,2,-22,-1024,1024,0,0,1020,1024,0,0,-1,-1,-1,-1,-1,-1,0x0000000000000000,7.8
2021-08-14,18:42:28.940,0.00,0.00,0.00,0.0,0.0,0,0,0,0,0,0,0,0,0,0,0,0,0,,0.0,0.00,0,0,-3,-1,-1024,2,-22,-1024,1024,0,0,1020,1024,0,0,-1,-1,-1,-1,-1,-1,0x0000000000000000,7.8
2021-08-14,18:42:29.940,0.00,0.00,0.00,0.0,0.0,0,0,0,0,0,0,0,0,0,0,0,0,0,,0.0,0.00,0,0,-5,-1,-1024,2,-22,-1024,1024,0,0,1020,1024,0,0,-1,-1,-1,-1,-1,-1,0x0000000000000000,7.8
2021-08-14,18:42:30.940,0.00,0.00,0.00,0.0,0.0,0,0,0,0,0,0,0,0,0,0,0,0,0,,0.0,0.00,0,0,-5,-1,-1024,2,-22,-1024,1024,0,0,1020,1024,0,0,-1,-1,-1,-1,-1,-1,0x0000000000000000,7.8
2021-08-14,18:42:31.940,0.00,0.00,0.00,0.0,0.0,0,0,0,0,0,0,0,0,0,0,0,0,0,,0.0,0.00,0,0,-5,-1,-1024,2,-22,-1024,1024,0,0,1020,1024,0,0,-1,-1,-1,-1,-1,-1,0x0000000000000000,7.8
2021-08-14,18:42:32.940,0.00,0.00,0.00,0.0,0.0,0,0,0,0,0,0,0,0,0,0,0,0,0,,0.0,0.00,0,0,-5,-1,-1024,2,-22,-1024,1024,0,0,1020,1024,0,0,-1,-1,-1,-1,-1,-1,0x0000000000000000,7.8
2021-08-14,18:42:33.940,0.00,0.00,0.00,0.0,0.0,0,0,0,0,0,0,0,0,0,0,0,0,0,,0.0,0.00,0,0,-5,-1,-1024,2,-22,-1024,1024,0,0,1020,1024,0,0,-1,-1,-1,-1,-1,-1,0x0000000000000000,7.8
2021-08-14,18:42:34.940,0.00,0.00,0.00,0.0,0.0,0,0,0,0,0,0,0,0,0,0,0,0,0,,0.0,0.00,0,0,-5,-1,-1024,4,-22,-1024,1024,0,0,1020,1024,0,0,-1,-1,-1,-1,-1,-1,0x0000000000000000,7.8
2021-08-14,18:42:35.940,0.00,0.00,0.00,0.0,0.0,0,0,0,0,0,0,0,0,0,0,0,0,0,,0.0,0.00,0,0,-3,-1,-1024,4,-22,-1024,1024,0,0,1020,1024,0,0,-1,-1,-1,-1,-1,-1,0x0000000000000000,7.8
2021-08-14,18:42:36.940,0.00,0.00,0.00,0.0,0.0,0,0,0,0,0,0,0,0,0,0,0,0,0,,0.0,0.00,0,0,-3,-1,-1024,4,-22,-1024,1024,0,0,1020,1024,0,0,-1,-1,-1,-1,-1,-1,0x0000000000000000,7.8
2021-08-14,18:42:37.940,0.00,0.00,0.00,0.0,0.0,0,0,0,0,0,0,0,0,0,0,0,0,0,,0.0,0.00,0,0,-5,-1,-1024,2,-22,-1024,1024,0,0,1020,1024,0,0,-1,-1,-1,-1,-1,-1,0x0000000000000000,7.8
2021-08-14,18:42:38.940,0.00,0.00,0.00,0.0,0.0,0,0,0,0,0,0,0,0,0,0,0,0,0,,0.0,0.00,0,0,-3,-1,-1024,2,-22,-1024,1024,0,0,1020,1024,0,0,-1,-1,-1,-1,-1,-1,0x0000000000000000,7.8
2021-08-14,18:42:39.940,0.00,0.00,0.00,0.0,0.0,0,0,0,0,0,0,0,0,0,0,0,0,0,,0.0,0.00,0,0,-5,-1,-1024,2,-22,-1024,1024,0,0,1017,1024,0,0,-1,-1,-1,-1,-1,-1,0x0000000000000000,7.8
2021-08-14,18:42:40.940,0.00,0.00,0.00,0.0,0.0,0,0,0,0,0,0,0,0,0,0,0,0,0,,0.0,0.00,0,0,-3,-1,-1024,2,-22,-1024,1024,0,0,1020,1024,0,0,-1,-1,-1,-1,-1,-1,0x0000000000000000,7.8
2021-08-14,18:42:41.940,0.00,0.00,0.00,0.0,0.0,0,0,0,0,0,0,0,0,0,0,0,0,0,,0.0,0.00,0,0,-5,-1,-1024,2,-22,-1024,1024,0,0,1020,1024,0,0,-1,-1,-1,-1,-1,-1,0x0000000000000000,7.8
2021-08-14,18:42:42.940,0.00,0.00,0.00,0.0,0.0,0,0,0,0,0,0,0,0,0,0,0,0,0,,0.0,0.00,0,0,-3,-1,-1024,4,-22,-1024,1024,0,0,1020,1024,0,0,-1,-1,-1,-1,-1,-1,0x0000000000000000,7.8
2021-08-14,18:42:43.940,0.00,0.00,0.00,0.0,0.0,0,0,0,0,0,0,0,0,0,0,0,0,0,,0.0,0.00,0,0,-3,-1,-1024,4,-22,-1024,1024,0,0,1020,1024,0,0,-1,-1,-1,-1,-1,-1,0x0000000000000000,7.8
2021-08-14,18:42:44.940,0.00,0.00,0.00,0.0,0.0,0,0,0,0,0,0,0,0,0,0,0,0,0,,0.0,0.00,0,0,-3,-1,-1024,4,-22,-1024,1024,0,0,1020,1024,0,0,-1,-1,-1,-1,-1,-1,0x0000000000000000,7.8
2021-08-14,18:42:45.940,0.00,0.00,0.00,0.0,0.0,0,0,0,0,0,0,0,0,0,0,0,0,0,,0.0,0.00,0,0,-5,-1,-1024,2,-22,-1024,1024,0,0,1020,1024,0,0,-1,-1,-1,-1,-1,-1,0x0000000000000000,7.8
2021-08-14,18:42:46.940,0.00,0.00,0.00,0.0,0.0,0,0,0,0,0,0,0,0,0,0,0,0,0,,0.0,0.00,0,0,-5,-1,-1024,2,-22,-1024,1024,0,0,1020,1024,0,0,-1,-1,-1,-1,-1,-1,0x0000000000000000,7.8
2021-08-14,18:42:47.940,0.00,0.00,0.00,0.0,0.0,0,0,0,0,0,0,0,0,0,0,0,0,0,,0.0,0.00,0,0,-5,0,-1024,2,-22,-1024,1024,0,0,1020,1024,0,0,-1,-1,-1,-1,-1,-1,0x0000000000000000,7.8
2021-08-14,18:42:48.940,0.00,0.00,0.00,0.0,0.0,0,0,0,0,0,0,0,0,0,0,0,0,0,,0.0,0.00,0,0,-3,-1,-1024,4,-22,-1024,1024,0,0,1020,1024,0,0,-1,-1,-1,-1,-1,-1,0x0000000000000000,7.8
2021-08-14,18:42:49.940,0.00,0.00,0.00,0.0,0.0,0,0,0,0,0,0,0,0,0,0,0,0,0,,0.0,0.00,0,0,-5,-1,-1024,2,-22,-1024,1024,0,0,1020,1024,0,0,-1,-1,-1,-1,-1,-1,0x0000000000000000,7.8
2021-08-14,18:42:50.940,0.00,0.00,0.00,0.0,0.0,0,0,0,0,0,0,0,0,0,0,0,0,0,,0.0,0.00,0,0,-5,-1,-1024,4,-22,-1024,1024,0,0,1020,1024,0,0,-1,-1,-1,-1,-1,-1,0x0000000000000000,7.8
2021-08-14,18:42:51.940,0.00,0.00,0.00,0.0,0.0,0,0,0,0,0,0,0,0,0,0,0,0,0,,0.0,0.00,0,0,-3,-1,-1024,2,-22,-1024,1024,0,0,1020,1024,0,0,-1,-1,-1,-1,-1,-1,0x0000000000000000,7.8
2021-08-14,18:42:52.940,0.00,0.00,0.00,0.0,0.0,0,0,0,0,0,0,0,0,0,0,0,0,0,,0.0,0.00,0,0,-5,-1,-1024,2,-22,-1024,1024,0,0,1020,1024,0,0,-1,-1,-1,-1,-1,-1,0x0000000000000000,7.8
2021-08-14,18:42:53.940,0.00,0.00,0.00,0.0,0.0,0,0,0,0,0,0,0,0,0,0,0,0,0,,0.0,0.00,0,0,-3,-1,-1024,2,-22,-1024,1024,0,0,1020,1024,0,0,-1,-1,-1,-1,-1,-1,0x0000000000000000,7.8
2021-08-14,18:42:54.940,0.00,0.00,0.00,0.0,0.0,0,0,0,0,0,0,0,0,0,0,0,0,0,,0.0,0.00,0,0,-3,-1,-1024,4,-22,-1024,1024,0,0,1020,1024,0,0,-1,-1,-1,-1,-1,-1,0x0000000000000000,7.8
2021-08-14,18:42:55.940,0.00,0.00,0.00,0.0,0.0,0,0,0,0,0,0,0,0,0,0,0,0,0,,0.0,0.00,0,0,-3,-1,-1024,2,-22,-1024,1024,0,0,1020,1024,0,0,-1,-1,-1,-1,-1,-1,0x0000000000000000,7.8
2021-08-14,18:42:56.940,0.00,0.00,0.00,0.0,0.0,0,0,0,0,0,0,0,0,0,0,0,0,0,,0.0,0.00,0,0,-5,-1,-1024,2,-22,-1024,1024,0,0,1020,1024,0,0,-1,-1,-1,-1,-1,-1,0x0000000000000000,7.8
2021-08-14,18:42:57.940,0.00,0.00,0.00,0.0,0.0,0,0,0,0,0,0,0,0,0,0,0,0,0,,0.0,0.00,0,0,-5,-1,-1024,2,-22,-1024,1024,0,0,1017,1024,0,0,-1,-1,-1,-1,-1,-1,0x0000000000000000,7.8
2021-08-14,18:42:58.940,0.00,0.00,0.00,0.0,0.0,0,0,0,0,0,0,0,0,0,0,0,0,0,,0.0,0.00,0,0,-5,-1,-1024,2,-22,-1024,1024,0,0,1020,1024,0,0,-1,-1,-1,-1,-1,-1,0x0000000000000000,7.8
2021-08-14,18:42:59.940,0.00,0.00,0.00,0.0,0.0,0,0,0,0,0,0,0,0,0,0,0,0,0,,0.0,0.00,0,0,-5,-1,-1024,2,-22,-1024,1024,0,0,1020,1024,0,0,-1,-1,-1,-1,-1,-1,0x0000000000000000,7.8
2021-08-14,18:43:00.940,0.00,0.00,0.00,0.0,0.0,0,0,0,0,0,0,0,0,0,0,0,0,0,,0.0,0.00,0,0,-3,-1,-1024,2,-22,-1024,1024,0,0,1017,1024,0,0,-1,-1,-1,-1,-1,-1,0x0000000000000000,7.8
2021-08-14,18:43:01.940,0.00,0.00,0.00,0.0,0.0,0,0,0,0,0,0,0,0,0,0,0,0,0,,0.0,0.00,0,0,-5,-1,-1024,2,-22,-1024,1024,0,0,1020,1024,0,0,-1,-1,-1,-1,-1,-1,0x0000000000000000,7.8
2021-08-14,18:43:02.940,0.00,0.00,0.00,0.0,0.0,0,0,0,0,0,0,0,0,0,0,0,0,0,,0.0,0.00,0,0,-3,-1,-1024,2,-22,-1024,1024,0,0,1020,1024,0,0,-1,-1,-1,-1,-1,-1,0x0000000000000000,7.8
2021-08-14,18:43:03.940,0.00,0.00,0.00,0.0,0.0,0,0,0,0,0,0,0,0,0,0,0,0,0,,0.0,0.00,0,0,-5,-1,-1024,4,-22,-1024,1024,0,0,1020,1024,0,0,-1,-1,-1,-1,-1,-1,0x0000000000000000,7.7
2021-08-14,18:43:04.940,0.00,0.00,0.00,0.0,0.0,0,0,0,0,0,0,0,0,0,0,0,0,0,,0.0,0.00,0,0,-5,-1,-1024,2,-22,-1024,1024,0,0,1020,1024,0,0,-1,-1,-1,-1,-1,-1,0x0000000000000000,7.7
2021-08-14,18:43:05.940,0.00,0.00,0.00,0.0,0.0,0,0,0,0,0,0,0,0,0,0,0,0,0,,0.0,0.00,0,0,-3,-1,-1024,2,-22,-1024,1024,0,0,1020,1024,0,0,-1,-1,-1,-1,-1,-1,0x0000000000000000,7.7
2021-08-14,18:43:06.940,0.00,0.00,0.00,0.0,0.0,0,0,0,0,0,0,0,0,0,0,0,0,0,,0.0,0.00,0,0,-5,-1,-1024,2,-22,-1024,1024,0,0,1020,1024,0,0,-1,-1,-1,-1,-1,-1,0x0000000000000000,7.7
2021-08-14,18:43:07.940,0.00,0.00,0.00,0.0,0.0,0,0,0,0,0,0,0,0,0,0,0,0,0,,0.0,0.00,0,0,-5,-1,-1024,2,-22,-1024,1024,0,0,1020,1024,0,0,-1,-1,-1,-1,-1,-1,0x0000000000000000,7.7
2021-08-14,18:43:08.940,0.00,0.00,0.00,0.0,0.0,0,0,0,0,0,0,0,0,0,0,0,0,0,,0.0,0.00,0,0,-5,-1,-1024,2,-22,-1024,1024,0,0,1020,1024,0,0,-1,-1,-1,-1,-1,-1,0x0000000000000000,7.7
2021-08-14,18:43:09.940,0.00,0.00,0.00,0.0,0.0,0,0,0,0,0,0,0,0,0,0,0,0,0,,0.0,0.00,0,0,-3,-1,-1024,4,-22,-1024,1024,0,0,1020,1024,0,0,-1,-1,-1,-1,-1,-1,0x0000000000000000,7.7
2021-08-14,18:43:10.940,0.00,0.00,0.00,0.0,0.0,0,0,0,0,0,0,0,0,0,0,0,0,0,,0.0,0.00,0,0,-3,-1,-1024,2,-22,-1024,1024,0,0,1020,1024,0,0,-1,-1,-1,-1,-1,-1,0x0000000000000000,7.7
2021-08-14,18:43:11.940,0.00,0.00,0.00,0.0,0.0,0,0,0,0,0,0,0,0,0,0,0,0,0,,0.0,0.00,0,0,-3,-1,-1024,2,-22,-1024,1024,0,0,1020,1024,0,0,-1,-1,-1,-1,-1,-1,0x0000000000000000,7.7
2021-08-14,18:43:12.940,0.00,0.00,0.00,0.0,0.0,0,0,0,0,0,0,0,0,0,0,0,0,0,,0.0,0.00,0,0,-3,-1,-1024,2,-22,-1024,1024,0,0,1020,1024,0,0,-1,-1,-1,-1,-1,-1,0x0000000000000000,7.7
2021-08-14,18:43:13.940,0.00,0.00,0.00,0.0,0.0,0,0,0,0,0,0,0,0,0,0,0,0,0,,0.0,0.00,0,0,-3,-1,-1024,2,-22,-1024,1024,0,0,1020,1024,0,0,-1,-1,-1,-1,-1,-1,0x0000000000000000,7.7
2021-08-14,18:43:14.940,0.00,0.00,0.00,0.0,0.0,0,0,0,0,0,0,0,0,0,0,0,0,0,,0.0,0.00,0,0,-5,-1,-1024,2,-22,-1024,1024,0,0,1020,1024,0,0,-1,-1,-1,-1,-1,-1,0x0000000000000000,7.7
2021-08-14,18:43:15.940,0.00,0.00,0.00,0.0,0.0,0,0,0,0,0,0,0,0,0,0,0,0,0,,0.0,0.00,0,0,-3,-1,-1024,2,-22,-1024,1024,0,0,1020,1024,0,0,-1,-1,-1,-1,-1,-1,0x0000000000000000,7.7
2021-08-14,18:43:16.950,0.00,0.00,0.00,0.0,0.0,0,0,0,0,0,0,0,0,0,0,0,0,0,,0.0,0.00,0,0,-3,-1,-1024,4,-22,-1024,1024,0,0,1020,1024,0,0,-1,-1,-1,-1,-1,-1,0x0000000000000000,7.7
2021-08-14,18:43:17.950,0.00,0.00,0.00,0.0,0.0,0,0,0,0,0,0,0,0,0,0,0,0,0,,0.0,0.00,0,0,-5,-1,-1024,2,-22,-1024,1024,0,0,1020,1024,0,0,-1,-1,-1,-1,-1,-1,0x0000000000000000,7.7
2021-08-14,18:43:18.950,0.00,0.00,0.00,0.0,0.0,0,0,0,0,0,0,0,0,0,0,0,0,0,,0.0,0.00,0,0,-5,-1,-1024,2,-22,-1024,1024,0,0,1020,1024,0,0,-1,-1,-1,-1,-1,-1,0x0000000000000000,7.7
2021-08-14,18:43:19.950,0.00,0.00,0.00,0.0,0.0,0,0,0,0,0,0,0,0,0,0,0,0,0,,0.0,0.00,0,0,-5,-1,-1024,2,-22,-1024,1024,0,0,1020,1024,0,0,-1,-1,-1,-1,-1,-1,0x0000000000000000,7.7
2021-08-14,18:43:20.950,0.00,0.00,0.00,0.0,0.0,0,0,0,0,0,0,0,0,0,0,0,0,0,,0.0,0.00,0,0,-5,-1,-1024,2,-22,-1024,1024,0,0,1017,1024,0,0,-1,-1,-1,-1,-1,-1,0x0000000000000000,7.7
2021-08-14,18:43:21.950,0.00,0.00,0.00,0.0,0.0,0,0,0,0,0,0,0,0,0,0,0,0,0,,0.0,0.00,0,0,-5,-1,-1024,2,-22,-1024,1024,0,0,1020,1024,0,0,-1,-1,-1,-1,-1,-1,0x0000000000000000,7.7
2021-08-14,18:43:22.950,0.00,0.00,0.00,0.0,0.0,0,0,0,0,0,0,0,0,0,0,0,0,0,,0.0,0.00,0,0,-3,-1,-1024,2,-22,-1024,1024,0,0,1020,1024,0,0,-1,-1,-1,-1,-1,-1,0x0000000000000000,7.7
2021-08-14,18:43:23.950,0.00,0.00,0.00,0.0,0.0,0,0,0,0,0,0,0,0,0,0,0,0,0,,0.0,0.00,0,0,-3,-1,-1024,2,-22,-1024,1024,0,0,1020,1024,0,0,-1,-1,-1,-1,-1,-1,0x0000000000000000,7.7
2021-08-14,18:43:24.960,0.00,0.00,0.00,0.0,0.0,0,0,0,0,0,0,0,0,0,0,0,0,0,,0.0,0.00,0,0,-5,-1,-1024,2,-22,-1024,1024,0,0,1020,1024,0,0,-1,-1,-1,-1,-1,-1,0x0000000000000000,7.7
2021-08-14,18:43:25.960,0.00,0.00,0.00,0.0,0.0,0,0,0,0,0,0,0,0,0,0,0,0,0,,0.0,0.00,0,0,-5,-1,-1024,2,-22,-1024,1024,0,0,1020,1024,0,0,-1,-1,-1,-1,-1,-1,0x0000000000000000,7.7
2021-08-14,18:43:26.960,0.00,0.00,0.00,0.0,0.0,0,0,0,0,0,0,0,0,0,0,0,0,0,,0.0,0.00,0,0,-5,-1,-1024,2,-22,-1024,1024,0,0,1020,1024,0,0,-1,-1,-1,-1,-1,-1,0x0000000000000000,7.7
2021-08-14,18:43:27.960,0.00,0.00,0.00,0.0,0.0,0,0,0,0,0,0,0,0,0,0,0,0,0,,0.0,0.00,0,0,-3,-1,-1024,2,-22,-1024,1024,0,0,1020,1024,0,0,-1,-1,-1,-1,-1,-1,0x0000000000000000,7.7
2021-08-14,18:43:28.960,0.00,0.00,0.00,0.0,0.0,0,0,0,0,0,0,0,0,0,0,0,0,0,,0.0,0.00,0,0,-3,-1,-1024,2,-22,-1024,1024,0,0,1020,1024,0,0,-1,-1,-1,-1,-1,-1,0x0000000000000000,7.7
2021-08-14,18:43:29.960,0.00,0.00,0.00,0.0,0.0,0,0,0,0,0,0,0,0,0,0,0,0,0,,0.0,0.00,0,0,-5,-1,-1024,4,-22,-1024,1024,0,0,1020,1024,0,0,-1,-1,-1,-1,-1,-1,0x0000000000000000,7.7
2021-08-14,18:43:30.960,0.00,0.00,0.00,0.0,0.0,0,0,0,0,0,0,0,0,0,0,0,0,0,,0.0,0.00,0,0,-5,-1,-1024,2,-22,-1024,1024,0,0,1020,1024,0,0,-1,-1,-1,-1,-1,-1,0x0000000000000000,7.7
2021-08-14,18:43:31.960,0.00,0.00,0.00,0.0,0.0,0,0,0,0,0,0,0,0,0,0,0,0,0,,0.0,0.00,0,0,-5,-1,-1024,4,-22,-1024,1024,0,0,1020,1024,0,0,-1,-1,-1,-1,-1,-1,0x0000000000000000,7.7
2021-08-14,18:43:32.960,0.00,0.00,0.00,0.0,0.0,0,0,0,0,0,0,0,0,0,0,0,0,0,,0.0,0.00,0,0,-5,-1,-1024,2,-22,-1024,1024,0,0,1020,1024,0,0,-1,-1,-1,-1,-1,-1,0x0000000000000000,7.7
2021-08-14,18:43:33.960,0.00,0.00,0.00,0.0,0.0,0,0,0,0,0,0,0,0,0,0,0,0,0,,0.0,0.00,0,0,-5,-1,-1024,4,-22,-1024,1024,0,0,1017,1024,0,0,-1,-1,-1,-1,-1,-1,0x0000000000000000,7.7
2021-08-14,18:43:34.960,0.00,0.00,0.00,0.0,0.0,0,0,0,0,0,0,0,0,0,0,0,0,0,,0.0,0.00,0,0,-5,-1,-1024,2,-22,-1024,1024,0,0,1020,1024,0,0,-1,-1,-1,-1,-1,-1,0x0000000000000000,7.7
2021-08-14,18:43:35.960,0.00,0.00,0.00,0.0,0.0,0,0,0,0,0,0,0,0,0,0,0,0,0,,0.0,0.00,0,0,-3,-1,-1024,2,-22,-1024,1024,0,0,1020,1024,0,0,-1,-1,-1,-1,-1,-1,0x0000000000000000,7.7
2021-08-14,18:43:36.960,0.00,0.00,0.00,0.0,0.0,0,0,0,0,0,0,0,0,0,0,0,0,0,,0.0,0.00,0,0,-5,-1,-1024,2,-22,-1024,1024,0,0,1020,1024,0,0,-1,-1,-1,-1,-1,-1,0x0000000000000000,7.7
2021-08-14,18:43:37.960,0.00,0.00,0.00,0.0,0.0,0,0,0,0,0,0,0,0,0,0,0,0,0,,0.0,0.00,0,0,-3,-1,-1024,2,-22,-1024,1024,0,0,1017,1024,0,0,-1,-1,-1,-1,-1,-1,0x0000000000000000,7.7
2021-08-14,18:43:38.960,0.00,0.00,0.00,0.0,0.0,0,0,0,0,0,0,0,0,0,0,0,0,0,,0.0,0.00,0,0,-5,-1,-1024,4,-22,-1024,1024,0,0,1020,1024,0,0,-1,-1,-1,-1,-1,-1,0x0000000000000000,7.7
2021-08-14,18:43:39.960,0.00,0.00,0.00,0.0,0.0,0,0,0,0,0,0,0,0,0,0,0,0,0,,0.0,0.00,0,0,-5,-1,-1024,4,-22,-1024,1024,0,0,1020,1024,0,0,-1,-1,-1,-1,-1,-1,0x0000000000000000,7.7
2021-08-14,18:43:40.960,0.00,0.00,0.00,0.0,0.0,0,0,0,0,0,0,0,0,0,0,0,0,0,,0.0,0.00,0,0,-5,-1,-1024,4,-22,-1024,1024,0,0,1020,1024,0,0,-1,-1,-1,-1,-1,-1,0x0000000000000000,7.7
2021-08-14,18:43:41.960,0.00,0.00,0.00,0.0,0.0,0,0,0,0,0,0,0,0,0,0,0,0,0,,0.0,0.00,0,0,-5,-1,-1024,4,-22,-1024,1024,0,0,1020,1024,0,0,-1,-1,-1,-1,-1,-1,0x0000000000000000,7.7
2021-08-14,18:43:42.960,0.00,0.00,0.00,0.0,0.0,0,0,0,0,0,0,0,0,0,0,0,0,0,,0.0,0.00,0,0,-5,-1,-1024,2,-22,-1024,1024,0,0,1020,1024,0,0,-1,-1,-1,-1,-1,-1,0x0000000000000000,7.7
2021-08-14,18:43:43.960,0.00,0.00,0.00,0.0,0.0,0,0,0,0,0,0,0,0,0,0,0,0,0,,0.0,0.00,0,0,-3,-1,-1024,2,-22,-1024,1024,0,0,1020,1024,0,0,-1,-1,-1,-1,-1,-1,0x0000000000000000,7.8
2021-08-14,18:43:44.960,0.00,0.00,0.00,0.0,0.0,0,0,0,0,0,0,0,0,0,0,0,0,0,,0.0,0.00,0,0,-3,-1,-1024,4,-22,-1024,1024,0,0,1020,1024,0,0,-1,-1,-1,-1,-1,-1,0x0000000000000000,7.8
2021-08-14,18:43:45.960,0.00,0.00,0.00,0.0,0.0,0,0,0,0,0,0,0,0,0,0,0,0,0,,0.0,0.00,0,0,-5,-1,-1024,4,-22,-1024,1024,0,0,1020,1024,0,0,-1,-1,-1,-1,-1,-1,0x0000000000000000,7.8
2021-08-14,18:43:46.960,0.00,0.00,0.00,0.0,0.0,0,0,0,0,0,0,0,0,0,0,0,0,0,,0.0,0.00,0,0,-5,-1,-1024,2,-22,-1024,1024,0,0,1020,1024,0,0,-1,-1,-1,-1,-1,-1,0x0000000000000000,7.8
2021-08-14,18:43:47.960,0.00,0.00,0.00,0.0,0.0,0,0,0,0,0,0,0,0,0,0,0,0,0,,0.0,0.00,0,0,-5,-1,-1024,4,-22,-1024,1024,0,0,1017,1024,0,0,-1,-1,-1,-1,-1,-1,0x0000000000000000,7.8
2021-08-14,18:43:48.960,0.00,0.00,0.00,0.0,0.0,0,0,0,0,0,0,0,0,0,0,0,0,0,,0.0,0.00,0,0,-5,-1,-1024,4,-22,-1024,1024,0,0,1020,1024,0,0,-1,-1,-1,-1,-1,-1,0x0000000000000000,7.8
2021-08-14,18:43:49.960,0.00,0.00,0.00,0.0,0.0,0,0,0,0,0,0,0,0,0,0,0,0,0,,0.0,0.00,0,0,-3,-1,-1024,2,-22,-1024,1024,0,0,1020,1024,0,0,-1,-1,-1,-1,-1,-1,0x0000000000000000,7.8
2021-08-14,18:43:50.960,0.00,0.00,0.00,0.0,0.0,0,0,0,0,0,0,0,0,0,0,0,0,0,,0.0,0.00,0,0,-5,-1,-1024,2,-22,-1024,1024,0,0,1020,1024,0,0,-1,-1,-1,-1,-1,-1,0x0000000000000000,7.8
2021-08-14,18:43:51.960,0.00,0.00,0.00,0.0,0.0,0,0,0,0,0,0,0,0,0,0,0,0,0,,0.0,0.00,0,0,-5,-1,-1024,4,-22,-1024,1024,0,0,1020,1024,0,0,-1,-1,-1,-1,-1,-1,0x0000000000000000,7.8
2021-08-14,18:43:52.960,0.00,0.00,0.00,0.0,0.0,0,0,0,0,0,0,0,0,0,0,0,0,0,,0.0,0.00,0,0,-3,-1,-1024,2,-22,-1024,1024,0,0,1020,1024,0,0,-1,-1,-1,-1,-1,-1,0x0000000000000000,7.8
2021-08-14,18:43:53.960,0.00,0.00,0.00,0.0,0.0,0,0,0,0,0,0,0,0,0,0,0,0,0,,0.0,0.00,0,0,-5,-1,-1024,2,-22,-1024,1024,0,0,1017,1024,0,0,-1,-1,-1,-1,-1,-1,0x0000000000000000,7.8
2021-08-14,18:43:54.960,0.00,0.00,0.00,0.0,0.0,0,0,0,0,0,0,0,0,0,0,0,0,0,,0.0,0.00,0,0,-5,-1,-1024,4,-22,-1024,1024,0,0,1020,1024,0,0,-1,-1,-1,-1,-1,-1,0x0000000000000000,7.8
2021-08-14,18:43:55.960,0.00,0.00,0.00,0.0,0.0,0,0,0,0,0,0,0,0,0,0,0,0,0,,0.0,0.00,0,0,-3,-1,-1024,2,-22,-1024,1024,0,0,1020,1024,0,0,-1,-1,-1,-1,-1,-1,0x0000000000000000,7.8
2021-08-14,18:43:56.960,0.00,0.00,0.00,0.0,0.0,0,0,0,0,0,0,0,0,0,0,0,0,0,,0.0,0.00,0,0,-3,-1,298,2,-22,-1024,1024,0,0,1020,1024,0,0,-1,-1,-1,-1,-1,-1,0x0000000000000000,7.8
2021-08-14,18:46:00.430,0.00,0.00,0.00,0.0,0.0,0,0,0,0,0,0,0,0,0,0,0,0,0,,0.0,0.00,0,0,-3,-1,-1024,4,-31,-1024,15,0,0,461,89,1,0,-1,1,-1,-1,-1,-1,0x0000000000000000,7.7
2021-08-14,18:46:00.780,0.00,0.00,0.00,0.0,0.0,0,0,0,0,0,0,0,0,0,0,0,0,0,,0.0,0.00,0,0,-5,-1,-1024,4,-32,-1024,15,0,0,461,93,0,0,-1,-1,-1,-1,-1,-1,0x0000000000000000,7.7
